X1,X2,X3,X4,X5,X6,X7,X8,Y1,Y2,mixed_type_col
0.98,514.5,294.0,110.25,7.0,2.0,0.0,0.0,15.55,21.33,637
0.98,514.5,294.0,110.25,7.0,3.0,0.0,0.0,15.55,21.33,618
0.98,514.5,294.0, 110.25 ,7.0,4.0,0.0,0.0,15.55,21.33,412
0.98,514.5,294.0,110.25,7.0,5.0,0.0,0.0,15.55,21.33,243
0.9,563.5,318.5,122.5,7.0,2.0,0.0,0.0,20.84,28.28,979
0.9,,318.5,122.5,7.0,3.0,0.0,0.0,21.46,25.38,
0.9,563.5,318.5,122.5,7.0,4.0,0.0,0.0,20.71,25.16,272
0.9,563.5,318.5,122.5,7.0,5.0,0.0,0.0,19.68,29.6,706
0.86,588.0,294.0,147.0,7.0,2.0,0.0,0.0,19.5,27.3,481
0.86,588.0,294.0,147.0,7.0,3.0,0.0,0.0,19.95,21.97,bad
0.86,588.0,294.0,147.0,7.0,4.0,0.0,0.0,19.34,23.49,648
0.86,588.0,294.0,147.0,7.0,5.0,0.0,0.0,18.31,27.87,368
0.82,612.5,318.5,147.0,7.0,2.0,0.0,0.0, 17.05 , 23.77 ,152
0.82,612.5, 318.5 ,147.0, 7.0 ,3.0,0.0,0.0,17.41,21.46,bad
0.82,612.5,318.5,147.0,7.0, 4.0 ,0.0,0.0, 16.95 ,21.16,939
0.82,612.5,318.5,147.0,7.0,5.0,516.0,0.0,15.98,24.93,unknown
0.79,637.0, 343.0 ,147.0,7.0,2.0,0.0,0.0,28.52,37.73,417
0.79,637.0,343.0,147.0,7.0,3.0,0.0,0.0,29.9,31.27,
0.79,637.0,343.0,147.0,7.0,4.0,0.0,0.0,29.63,30.93,bad
0.79,637.0,343.0,147.0,7.0, 5.0 ,0.0,0.0,28.75,39.44,912
0.76,661.5,416.5,122.5,7.0,2.0,0.0,0.0,24.77,29.79,768
0.76,661.5,416.5,122.5,7.0,3.0,0.0,0.0,23.93,29.68,534
0.76,661.5,416.5,122.5,7.0,4.0,0.0,0.0,24.77,29.79,475
0.76,661.5,416.5, 122.5 ,7.0,5.0,0.0,0.0,23.93,29.4,865
0.74,686.0,245.0,220.5, 3.5 ,2.0,0.0,0.0,6.07,10.9,856
0.74,686.0,245.0,220.5,3.5,3.0,0.0, 0.0 ,6.05,11.19,unknown
0.74,686.0,245.0,220.5,3.5,4.0,0.0,0.0,6.01,10.94,964
0.74,686.0, 245.0 ,220.5,3.5,5.0,0.0, 0.0 ,6.04,11.17,827
0.71, 710.5 ,269.5,220.5,3.5,2.0,0.0,0.0,6.37,11.27,846
0.71,710.5,269.5,220.5,3.5,3.0,0.0,0.0,6.4,11.72,56
0.71,710.5,269.5,220.5,3.5,4.0,0.0,0.0, 6.366 ,11.29,130
0.71, 710.5 ,269.5,220.5,3.5,5.0,0.0,0.0,6.4,11.67,298
24.15,735.0,294.0,220.5,3.5,2.0,0.0,0.0,6.85,11.74,761
0.69,735.0,294.0,220.5,3.5,3.0,0.0,0.0,6.79,12.05,unknown
0.69,735.0,294.0,220.5,3.5,,0.0, 0.0 ,6.77,11.73,82
0.69,735.0,294.0, 220.5 ,3.5,5.0,0.0,0.0,6.81,11.93,
0.66,759.5, 318.5 ,220.5,3.5,2.0,0.0,0.0,7.18,12.4,191
0.66,759.5,318.5,220.5,3.5,3.0,0.0,0.0, 7.1 ,12.23,918
0.66,759.5,318.5,220.5,3.5,4.0,0.0,0.0,7.1,12.4,721
0.66,759.5, 318.5 ,220.5,3.5,5.0,0.0,0.0,7.1,12.14,716
0.64,error,343.0,220.5,3.5,2.0,0.0,0.0,10.85,16.78,
0.64,784.0,343.0,220.5,3.5,3.0,0.0,0.0,10.54, 16.8 ,625
0.64,784.0,343.0,220.5,3.5,4.0,0.0,0.0,10.77,16.75,778
0.64,784.0,343.0,220.5,3.5, 5.0 ,0.0,0.0,10.56,16.67,bad
0.62,808.5,367.5,220.5,3.5,2.0,0.0,0.0,8.6,12.07,856
0.62,808.5,367.5,220.5,3.5,3.0,0.0,0.0,8.49,12.22,bad
0.62,808.5,367.5,220.5,3.5,4.0,0.0,0.0,8.45,12.08,324
0.62,808.5,367.5,220.5,3.5,5.0,0.0,0.0,8.5,12.04,unknown
 0.98 ,514.5,294.0,110.25,7.0,2.0,0.1,1.0,24.58,26.47,943
0.98,514.5,294.0,110.25,,3.0,0.1,1.0,24.63,26.37,826
0.98,514.5,294.0,110.25,7.0,4.0,0.1,1.0,24.63,26.44,498
0.98,514.5,294.0,110.25,7.0,5.0,0.1,1.0,24.59, 26.29 ,596
0.9,563.5,318.5,122.5, 7.0 ,2.0,0.1,1.0,29.03,32.92,
0.9,563.5,318.5,122.5, 7.0 , 3.0 ,,1.0,29.87,29.87,748
0.9,563.5,318.5, 122.5 ,7.0,4.0,0.1,1.0,29.14,29.58,502
0.9,563.5,318.5,122.5,7.0,5.0,0.1,1.0,28.09,34.33,280
0.86,588.0,294.0,147.0,7.0,2.0,0.1,1.0,26.28,30.89,unknown
0.86,588.0,294.0,147.0,7.0,3.0,0.1,1.0,26.91,25.6,976
0.86,588.0,294.0,147.0,7.0,4.0, 0.1 , 1.0 ,26.37,27.03,bad
,588.0,294.0,147.0,7.0,5.0,0.1,1.0,25.27,31.73,31
0.82,612.5,318.5,147.0,7.0,2.0,0.1,1.0,23.53,27.31,unknown
0.82,612.5,318.5,147.0,7.0,3.0,0.1,1.0,24.03,24.91,386
0.82,612.5,318.5,147.0,7.0,244.0,0.1,1.0,23.54,24.61,159
0.82,612.5,318.5,147.0,7.0,5.0,0.1,1.0,22.58,28.51,882
0.79,637.0,343.0,147.0,7.0,2.0,0.1,1.0,35.56,41.68,914
0.79,637.0,343.0,147.0,7.0,3.0,0.1,1.0,37.12,35.28,unknown
0.79,637.0,343.0,147.0,7.0,4.0,0.1,1.0,36.9,265.43,
0.79,637.0,343.0,147.0,7.0,5.0,0.1, 1.0 ,35.94,43.33,141
 0.76 ,661.5,416.5,122.5,7.0,2.0,0.1,1.0, 32.96 ,2337.0299999999997,unknown
0.76,661.5,416.5,122.5,7.0,3.0,0.1,1.0,32.12, 34.07 ,365
0.76,661.5,416.5,122.5,7.0,4.0,0.1,1.0,32.94,34.14,40
0.76,661.5,416.5,122.5,7.0,5.0,0.1,1.0,32.21,33.67,428
0.74,686.0,,220.5,3.5,2.0,0.1,1.0,10.36, 13.43 ,822
0.74,N/A,245.0,220.5,3.5,3.0,0.1,1.0,10.43,13.71,933
0.74,686.0,245.0,1183.5,3.5,4.0,0.1, 1.0 ,10.36,13.48,121
 0.74 , 686.0 ,245.0,220.5,3.5, 465.0 ,0.1,1.0,10.39,13.7,836
 0.71 , 710.5 ,269.5,220.5,, 2.0 ,0.1,1.0,10.71,13.8,bad
0.71,710.5,269.5,error,3.5,3.0,0.1,1.0,10.8,14.28,
0.71,710.5,269.5, 220.5 ,3.5,4.0,0.1,1.0,10.7,13.87,108
error,710.5,269.5,220.5,3.5,5.0,0.1,1.0,10.75,14.27,972
0.69,735.0,294.0,220.5,3.5,2.0,0.1,1.0,898.11,14.28,unknown
0.69,735.0,294.0,220.5,3.5,3.0, 0.1 ,1.0,11.13,14.61,642
0.69,735.0,294.0,220.5,3.5,4.0,0.1,1.0,11.09,14.3,
0.69,735.0,294.0,220.5,N/A,5.0,0.1,1.0,11.16,14.45,873
0.66,759.5,318.5,220.5,3.5,2.0,0.1,1.0,11.68,13.9,143
0.66,759.5,318.5,220.5,3.5,3.0,0.1,1.0,11.69,13.72,246
0.66,759.5,318.5,220.5,3.5,4.0,0.1,1.0,11.7,13.88,bad
0.66,759.5,318.5,220.5,3.5,5.0,0.1,1.0,11.69,13.65,bad
 0.64 ,784.0,343.0,220.5,3.5,2.0,0.1,1.0,15.41,19.37,494
0.64,784.0,343.0,220.5,3.5,3.0,0.1,1.0,15.2,19.43,bad
0.64,784.0,343.0,220.5,3.5,4.0,0.1,1.0,15.42,19.34,
0.64, 784.0 ,343.0,220.5,3.5,5.0,0.1,1.0,15.21,19.32,8
0.62,808.5,367.5,220.5,269.5,2.0,0.1,1.0,12.96,14.34,unknown
0.62,808.5,367.5,220.5,3.5,3.0, 0.1 ,1.0,12.97,14.5,705
0.62,808.5,367.5,220.5,3.5,4.0,0.1, 1.0 ,12.93, 14.33 ,815
0.62,808.5,367.5,220.5,3.5,5.0,0.1,1.0,13.02,14.27,118
0.98,514.5,294.0,110.25,7.0,2.0,0.1,2.0,24.29, 25.95 ,
0.98,514.5,294.0,110.25,7.0,3.0,0.1,2.0,24.31,25.63,
0.98,514.5, 294.0 ,110.25,7.0,4.0,0.1,2.0,24.13,26.13,863
0.98,514.5,862.0,110.25,7.0,5.0,0.1,2.0,24.25,25.89,696
0.9,563.5,318.5,122.5,7.0,2.0,0.1,2.0,28.88,32.54,656
0.9,563.5,,122.5,7.0,3.0,0.1,2.0,29.68,29.44,unknown
0.9,563.5,318.5,122.5,7.0,4.0,0.1, 2.0 ,28.83,29.36,unknown
0.9,563.5,318.5,122.5,7.0,5.0,0.1,2.0,27.9,34.2,448
 0.86 ,588.0,294.0,147.0,7.0,2.0,0.1,2.0,26.48,30.91,849
0.86,588.0, 294.0 ,147.0,7.0,3.0,0.1,2.0,N/A,25.63,684
0.86,588.0,294.0,147.0,7.0,4.0,0.1,2.0,26.33, 27.36 ,74
0.86,588.0,294.0,147.0,7.0,5.0,0.1,2.0,25.36,31.9,889
0.82,612.5,318.5,147.0,7.0,2.0,0.1,2.0,23.75,27.38,62
0.82,,318.5,147.0,7.0,3.0,0.1,2.0,24.23,850.68,299
0.82,612.5, 318.5 ,147.0,7.0,4.0,0.1,2.0,23.67,24.8,216
0.82,612.5,318.5,147.0,7.0,5.0, 0.1 ,2.0,22.79,28.79,
0.79,637.0,343.0,147.0,7.0,2.0,0.1,2.0,35.65,41.07,153
0.79,637.0,343.0,147.0,7.0,3.0,0.1,2.0,1676.6999999999998,34.62,844
0.79,637.0,343.0,147.0,7.0,4.0,0.1,2.0,36.97,33.87,bad
0.79,637.0,343.0, 147.0 ,7.0,5.0,0.1,2.0,36.03,42.86,unknown
0.76,661.5,416.5,122.5, 7.0 ,2.0,0.1,2.0, 33.16 ,33.91,90
0.76,661.5,416.5,122.5,7.0,3.0,0.1, 2.0 ,32.4,34.07,391
0.76,661.5, 416.5 , 122.5 ,7.0, 4.0 ,0.1,2.0,33.12,34.17,623
0.76,661.5,416.5, 122.5 ,7.0,5.0,0.1,2.0,32.41,33.78,711
0.74,686.0,245.0,,3.5,2.0,0.1,2.0,10.42,13.39,872
0.74,686.0,245.0,220.5,3.5,3.0,0.1,2.0,10.46,13.72,816
0.74,686.0,245.0,220.5,3.5,4.0,0.1,2.0,10.32,13.57,518
0.74,686.0,245.0,220.5,3.5,5.0,0.1,2.0,10.45,13.79,303
0.71,710.5,269.5,220.5,3.5,2.0,0.1,2.0,10.64,13.67,bad
0.71,710.5, 269.5 ,220.5,3.5,3.0,0.1,2.0,10.72,,992
0.71,710.5,269.5,220.5,3.5,4.0,0.1, 2.0 , 10.55 , 13.8 ,608
0.71,710.5,269.5,220.5, 3.5 ,5.0,0.1,2.0,10.68,14.21,908
0.69,735.0,294.0,220.5,3.5,2.0,0.1,2.0,11.45,13.2,
0.69,735.0,,220.5,3.5,3.0, 0.1 ,2.0,11.46,13.54,485
0.69,735.0,294.0,220.5,3.5,4.0,0.1,2.0,11.32,1318.68,825
0.69, 735.0 ,294.0,220.5,3.5,5.0, 0.1 ,2.0,11.49,13.51,722
0.66,759.5,318.5,220.5,3.5,2.0,0.1,2.0,11.45,14.86,200
0.66,759.5, 318.5 ,220.5,3.5,3.0, 0.1 , 2.0 , 11.42 ,899.75,unknown
0.66,759.5,318.5,220.5,3.5,4.0,0.1,2.0,11.33,15.0,
0.66,759.5,318.5,220.5,3.5,5.0,0.1,2.0,11.43,14.74,760
0.64,784.0,343.0,220.5,3.5,2.0,0.1,2.0,15.41,19.23,29
0.64,784.0,343.0,220.5,3.5,3.0,0.1,2.0,15.18,1044.36,826
 0.64 ,784.0,343.0,220.5,3.5,524.0, 0.1 ,2.0,15.34,19.32,929
0.64,784.0, 343.0 ,220.5,3.5,5.0,0.1,2.0,15.19,19.3,23
0.62,46893.0,367.5,220.5,3.5,2.0,0.1,2.0, 12.88 , 14.37 ,bad
0.62,808.5,367.5,220.5,3.5, 3.0 ,0.1,2.0,13.0,14.57,unknown
0.62,808.5,367.5,220.5,3.5,4.0, 0.1 ,2.0,12.97,14.27,360
0.62,808.5,367.5,220.5,3.5,5.0,0.1,2.0,13.04,14.24,336
0.98,514.5,294.0, 110.25 ,7.0,2.0,0.1, 3.0 ,24.28,25.68,519
0.98,514.5,294.0,110.25,7.0,3.0,0.1,3.0,24.4,26.02,917
0.98,514.5,294.0,110.25,7.0,4.0,0.1,3.0,24.11,25.84,461
0.98,514.5,294.0,110.25,7.0,420.0,0.1,3.0,24.35,26.14,bad
,563.5,318.5,122.5,7.0,2.0,0.1,3.0,28.07,34.14,unknown
0.9,563.5,318.5,122.5,7.0,3.0,0.1,3.0,29.01,32.85,887
0.9,563.5,318.5,122.5,7.0,4.0,0.1,3.0, 29.62 ,30.08,314
0.9,563.5,318.5,122.5,7.0,5.0,0.1,3.0,29.05,29.67,462
0.86,588.0,294.0,147.0,7.0,2.0,,3.0,25.41,31.73,bad
0.86,588.0,294.0,147.0,7.0,3.0,0.1,3.0,26.47,31.01,288
0.86,588.0,294.0,147.0,7.0,4.0,0.1,3.0,26.89,25.9,553
0.86,588.0,294.0,147.0,7.0,5.0,0.1,3.0,26.46,27.4,900
0.82,612.5,318.5,147.0,7.0, NAN ,0.1,3.0,22.93, 28.68 ,328
0.82,612.5,318.5,147.0,7.0, 3.0 ,0.1,3.0,23.84,27.54,560
0.82,612.5,318.5,147.0,7.0,4.0,0.1,3.0,623.17,25.35,875
0.82,612.5,318.5,147.0,7.0,5.0,0.1, 3.0 ,23.87,24.93,360
0.79,637.0,343.0,147.0,7.0,2.0,0.1,3.0,35.78,43.12,unknown
0.79,637.0,343.0,147.0,7.0,3.0, 0.1 ,3.0,35.48,41.22,44
0.79,637.0,343.0,147.0,7.0,4.0,0.1,3.0,36.97,35.1,907
0.79,637.0,343.0,147.0, 7.0 ,5.0,0.1,3.0,36.7,34.29,
0.76,661.5,416.5,122.5,7.0,2.0,0.1,3.0,32.52,33.85,215
0.76,661.5,416.5,122.5,7.0,3.0,0.1,3.0,33.28,34.11,139
0.76,661.5,416.5,122.5,7.0,4.0,0.1,3.0,32.33,34.48,707
0.76,661.5, 416.5 ,122.5,7.0,5.0,0.1,3.0,33.24,34.5,364
0.74,686.0,245.0,220.5,3.5, 2.0 ,0.1,3.0,10.39,13.6,
0.74,686.0,245.0,220.5,3.5,3.0,0.1,3.0,10.34,13.36,607
0.74,686.0,245.0,220.5,3.5,4.0,0.1,3.0,10.35,13.65,15
0.74,686.0,245.0,220.5,3.5,5.0,0.1,3.0,10.38,13.49,307
 0.71 ,710.5,269.5,220.5,3.5,2.0,0.1,3.0,10.77,14.14,4
0.71,710.5,269.5,220.5,3.5,3.0, 0.1 ,3.0,10.68, 13.77 ,65
0.71,710.5,269.5, 220.5 ,3.5,4.0,0.1,3.0,10.68,14.3,
0.71,710.5,269.5,220.5,3.5,5.0,0.1,3.0,10.7,13.87,bad
0.69,735.0,294.0,220.5,3.5,2.0,0.1,3.0,11.22,14.44,unknown
0.69,735.0,294.0, 220.5 ,3.5,3.0,,,11.16,14.27,408
0.69,735.0,294.0,220.5,3.5,4.0,0.1,3.0,11.1,14.67,451
0.69,735.0,294.0,220.5,3.5, 5.0 ,0.1,3.0,11.14,14.4,bad
0.66,759.5,318.5,220.5,3.5,2.0,0.1,3.0,11.59,13.46,661
0.66,759.5,318.5,220.5,3.5,3.0,0.1,3.0,11.6, 13.7 ,392
0.66,759.5,318.5,220.5,3.5,4.0,0.1,3.0,11.53,13.59,
0.66,759.5,318.5,220.5,3.5,5.0, 0.1 ,3.0,11.61,13.83,89
0.64, 784.0 , 343.0 , 220.5 ,3.5,2.0,0.1,3.0,15.16, 19.14 ,386
0.64, 784.0 ,343.0,220.5,3.5,3.0,0.1, 3.0 ,15.36, 19.18 ,unknown
0.64,784.0,343.0,220.5,126.0,4.0,0.1,3.0,15.12,19.37,20
0.64,784.0,343.0,NULL,3.5,5.0,,3.0,15.36,19.29,919
 0.62 , 808.5 ,367.5,220.5,3.5, 2.0 ,0.1,3.0,12.68,14.09,515
0.62,808.5,367.5,220.5,3.5,3.0,0.1,3.0,12.63,14.23,unknown
0.62,808.5,367.5,220.5,3.5,4.0,0.1,3.0,12.71,14.14,275
0.62,808.5,367.5, 220.5 ,3.5,5.0,0.1,3.0,12.73,13.89,bad
0.98,514.5,294.0,110.25,7.0,2.0,0.1,4.0,24.38,25.91,366
0.98, 514.5 ,294.0,110.25,7.0,3.0,0.1,4.0,24.23,25.72,928
0.98,514.5,294.0,110.25,7.0,4.0,0.1,4.0,24.04,26.18,522
0.98,514.5,294.0,110.25,7.0,5.0,0.1,4.0,24.32,25.87,636
0.9,563.5,318.5,122.5,7.0,2.0,0.1,4.0,29.06,29.34,203
0.9,563.5,318.5,122.5,7.0, 3.0 ,0.1,4.0,28.05,33.91,994
0.9,563.5,318.5,122.5,7.0,4.0,0.1,4.0,28.86,32.83,192
0.9,563.5,318.5,122.5,7.0,5.0,0.1,4.0,29.79,29.92,33
0.86,588.0,294.0,147.0,7.0,2.0,0.1,4.0,26.44,27.17,
0.86,588.0,294.0,147.0,7.0,3.0,0.1,4.0,25.37,31.76,bad
0.86,588.0, 294.0 ,147.0,7.0,4.0,0.1,4.0,26.33,31.06,921
0.86,588.0,294.0,147.0,7.0,5.0,0.1,4.0,27.03,25.81,857
0.82,612.5,318.5,147.0,7.0,72.0,0.1,4.0,23.8,24.61,553
0.82,612.5, 318.5 ,147.0,7.0,3.0,0.1,4.0,22.8,28.61,916
0.82,21437.5,318.5,147.0,7.0,4.0,0.1, 4.0 ,23.59,27.57,492
0.82,612.5,318.5,147.0,7.0,5.0,0.1,4.0,24.24,25.16,478
 0.79 ,637.0,343.0,147.0,806.0,2.0,0.1,4.0,36.86,34.25,180
0.79,637.0, 343.0 ,147.0,7.0,3.0,0.1,4.0,35.89,43.3,787
0.79,637.0,343.0,147.0,7.0,4.0,0.1,4.0,35.45,41.86,bad
0.79,637.0,343.0,147.0,7.0,5.0,0.1,4.0,37.1,35.29,195
0.76,661.5,416.5,122.5, 7.0 , 2.0 ,0.1,4.0,33.08,34.11,369
0.76,661.5,416.5,9310.0,7.0,3.0,0.1,4.0, 32.38 ,33.62,603
0.76,661.5,416.5,122.5,7.0,4.0,0.1, 4.0 ,33.09,33.89,270
0.76,661.5,416.5,122.5,7.0,5.0,0.1,4.0,32.31,34.05,358
,686.0,245.0,220.5,3.5,2.0,0.1,4.0, 10.08 ,13.2,330
0.74,686.0, 245.0 ,220.5,3.5,3.0,0.1,4.0,10.15,13.36,unknown
0.74,686.0,245.0,220.5,3.5,4.0,0.1,4.0,10.07,13.21,714
0.74,686.0,245.0,220.5, 3.5 ,5.0,0.1,4.0,10.14,13.53,675
0.71,710.5,269.5,220.5, 3.5 ,2.0,0.1,4.0,10.66,13.67,141
0.71,710.5,269.5,220.5,3.5,3.0, 0.1 ,4.0,10.68,14.12,unknown
0.71,710.5,269.5,220.5,3.5,4.0,0.1,4.0,10.53,13.79,bad
0.71,710.5,269.5, 220.5 ,3.5,5.0,0.1,4.0,10.72,14.2,bad
0.69,735.0,294.0,220.5,3.5,2.0,0.1,4.0,11.18,14.29,69
0.69,735.0,294.0,220.5,3.5,3.0,0.1,,11.22,14.49,321
0.69, 735.0 ,294.0, 220.5 ,3.5,4.0,0.1,4.0,11.07,14.42,678
0.69,735.0,294.0,220.5,3.5,5.0,0.1, 4.0 ,11.2,14.73,unknown
0.66,759.5,318.5,220.5,3.5,2.0,0.1, 4.0 ,11.44,14.86,
0.66,759.5,318.5,220.5,3.5,3.0,0.1,4.0,11.42,14.67,bad
0.66,759.5,318.5,220.5,3.5,4.0,0.1,4.0,11.33,15.0,194
0.66,759.5,318.5,220.5,3.5,5.0,0.1,4.0,11.43,14.83,
0.64,784.0,343.0,220.5,3.5,2.0,0.1,4.0,15.4,19.24,bad
0.64,784.0,343.0,220.5,3.5,3.0,0.1,4.0,15.19,19.25,126
0.64, 784.0 ,343.0,220.5,3.5,4.0,1.0,4.0,15.32,19.42,350
0.64,784.0,343.0,220.5,3.5,5.0,0.1,4.0,15.16, 19.48 ,818
0.62,808.5,367.5,711.5,3.5,2.0,0.1,4.0,12.85,14.37,432
0.62,808.5,367.5,220.5,3.5,3.0,0.1,4.0,13.04,14.34,688
0.62,808.5,367.5,220.5,3.5,4.0,0.1,4.0,13.0,14.28,748
0.62,808.5, 367.5 ,220.5,3.5, 5.0 ,0.1,4.0,286.0,14.47,unknown
0.98,514.5,294.0,110.25,7.0,2.0,0.1,5.0,24.35,25.64,
0.98,514.5,294.0,110.25,7.0,3.0,0.1,971.0,24.33,25.98,
0.98,514.5,294.0,110.25,7.0,4.0,0.1,5.0,24.03, 25.88 ,793
 0.98 ,514.5,294.0,110.25,7.0,5.0,0.1,5.0,24.26,26.18,466
0.9,563.5,318.5, 122.5 ,7.0,2.0,0.1,5.0,,29.82,576
0.9,563.5,318.5,122.5,7.0,3.0,0.1, 5.0 ,29.08,29.52,
0.9,563.5,318.5,122.5,7.0,4.0,0.1,5.0,28.03,34.45,853
0.9,563.5, 318.5 ,122.5,7.0,5.0,0.1,5.0,29.02, 33.01 ,
 0.86 ,588.0,294.0,147.0,7.0,2.0,0.1,5.0,27.03,25.82,896
0.86,588.0,294.0,147.0,7.0,3.0,0.1,5.0,26.45,27.33,207
0.86,588.0,294.0,147.0,7.0,4.0,0.1,5.0,25.36,32.04,
0.86,588.0,294.0,error,7.0,5.0,0.1,5.0,26.45,31.28,24
0.82, 612.5 ,318.5,N/A,7.0,2.0,0.1,5.0,24.37,25.11,unknown
0.82,612.5,318.5,147.0,7.0,3.0,0.1,5.0,23.89,24.77,93
0.82,612.5,318.5,147.0,7.0,4.0,0.1, 5.0 ,22.89,28.88,547
0.82,612.5,318.5,147.0,,5.0,0.1,5.0,23.86,27.69,266
0.79, 637.0 ,343.0,147.0,7.0,2.0,0.1,5.0,37.03,34.99,bad
0.79,637.0,343.0,147.0,7.0,3.0,0.1,5.0, 36.71 ,34.18,819
0.79,637.0,343.0,295.0,,4.0,0.1,5.0,36.77,43.14,
0.79,637.0,343.0,147.0,7.0,5.0,0.1,5.0,35.48,41.26,
0.76, 661.5 ,416.5,122.5,7.0,2.0, 0.1 ,5.0,32.31, 34.25 ,739
0.76,661.5,416.5,122.5,7.0,3.0,0.1,5.0,33.21,34.35,unknown
0.76,661.5,416.5, 122.5 ,7.0,4.0,0.1,5.0,32.46,33.64,unknown
0.76,661.5,416.5,122.5,7.0,5.0,0.1,5.0,33.27,33.88,662
0.74,686.0,245.0,220.5,3.5,2.0,0.1,5.0,10.47,13.65,
0.74,686.0,245.0,220.5,955.5,3.0,0.1,5.0,10.37,13.44,541
0.74,686.0,245.0,220.5,3.5,4.0,0.1,5.0, 10.34 ,13.72,383
0.74,686.0,245.0,220.5,3.5,5.0,0.1,5.0,10.39,13.5,131
0.71,710.5,269.5,220.5,266.0,2.0,0.1,5.0,10.78,14.18,
0.71,710.5,269.5,220.5,3.5,3.0,0.1,5.0,10.7,13.75,222
0.71,710.5,269.5,220.5,3.5,4.0,0.1,5.0,10.67,14.26,83
0.71,710.5,269.5,220.5,3.5,5.0,0.1,5.0,13.69,13.89,222
0.69,735.0,294.0,220.5,3.5,2.0, 0.1 ,5.0,11.21,14.55,823
 0.69 ,735.0,294.0,220.5,3.5,3.0,0.1,5.0,11.14,14.28,bad
0.69,735.0,294.0,220.5,3.5,4.0,0.1,5.0,11.11,14.46,unknown
0.69,735.0,294.0,220.5,3.5,5.0,0.1,5.0,11.16,14.39,461
0.66,759.5,318.5,220.5,3.5,2.0,0.1,5.0,11.38,14.54,116
0.66,759.5,318.5,220.5,3.5,3.0,,5.0,11.34,14.81,
0.66,759.5,318.5,220.5,3.5,4.0,0.1,5.0,11.22,14.65,199
0.66,759.5,318.5,220.5,3.5, 5.0 , 0.1 ,5.0,11.34,14.87,556
0.64,784.0,343.0,220.5,3.5, 2.0 ,0.1,5.0,15.16,19.24,unknown
0.64,784.0,343.0,220.5,3.5,3.0,0.1,5.0,15.37,19.18,unknown
0.64,784.0,343.0,220.5,3.5,4.0,0.1,5.0,15.12,19.26,377
35.84,784.0,343.0,220.5,3.5,5.0,0.1,5.0,15.36,19.29,314
0.62,808.5,367.5,220.5,3.5,,0.1,5.0,12.59,14.24,
0.62,808.5,367.5,220.5,3.5,3.0,0.1,5.0,12.74,13.97,520
 902.62 ,808.5,367.5,220.5,3.5,4.0,0.1,5.0,12.8,13.99,170
0.62,808.5,367.5,220.5,3.5,5.0,0.1,5.0, 12.62 ,,
 0.98 ,514.5,294.0,110.25,7.0,2.0,0.25,1.0,28.15,29.79,254
0.98,514.5,294.0,110.25,7.0,3.0,0.25,1.0,28.15,29.79,716
0.98,514.5,294.0,110.25,7.0,4.0,0.25,1.0,,29.28,573
0.98,514.5,294.0,110.25,7.0, 5.0 ,0.25,1.0,28.41, 29.49 ,730
0.9,563.5,318.5,122.5,7.0,2.0,NULL, 1.0 ,32.68,36.12,940
0.9,563.5,318.5,122.5,7.0,3.0,0.25,1.0,33.48,33.17,729
0.9,563.5,318.5,122.5,7.0,4.0,0.25,1.0,32.84,32.71,340
0.9,563.5,318.5,122.5,7.0,5.0,0.25,1.0,32.0,37.58,
 0.86 ,588.0,294.0,147.0,7.0,2.0,0.25,1.0,29.54,33.98,529
0.86,588.0,294.0,147.0,7.0, 3.0 , 0.25 ,1.0,30.05, 28.61 ,449
0.86,588.0,294.0,147.0,7.0,376.0,0.25,1.0,29.6,30.12,313
0.86,588.0,294.0,147.0,7.0,5.0,0.25,1.0,28.66,34.73,811
 0.82 ,612.5,318.5,147.0,7.0,2.0,0.25, 1.0 ,26.84,30.17,
0.82,612.5,error,147.0,7.0,3.0,0.25,1.0,27.27,27.84,381
0.82,612.5,318.5,147.0,7.0,4.0,0.25,1.0,26.97,27.25,680
 NAN , 612.5 ,318.5,147.0,7.0,5.0,0.25,1.0,26.19,31.39,unknown
0.79,637.0,343.0,147.0,7.0,2.0,0.25,1.0,38.67,43.8,11
0.79,637.0,343.0,147.0,7.0,3.0,0.25,1.0,40.03,37.81,364
0.79,637.0,343.0,147.0,7.0, 4.0 ,0.25,1.0,39.86,36.85,bad
0.79,637.0,343.0,147.0,7.0,5.0,0.25,1.0,39.04,45.52,497
0.76,661.5,416.5,122.5,7.0,2.0,0.25,1.0,36.96,36.85,unknown
0.76,661.5,416.5,122.5,7.0,3.0,0.25,1.0,36.13,37.58,
0.76,661.5,416.5,122.5,7.0,4.0,0.25,1.0,36.91,37.45,unknown
0.76,661.5,416.5,122.5,7.0,5.0,0.25,1.0,36.43,36.62,433
0.74, 686.0 ,245.0,220.5,3.5,2.0,0.25,1.0,12.43,15.19,unknown
0.74,686.0,245.0,220.5,3.5,3.0,0.25,1.0,12.5,15.5,
0.74,686.0,245.0,220.5, 3.5 ,4.0,0.25,1.0,12.41,15.28,147
0.74,686.0,245.0,220.5,3.5,5.0,0.25,1.0,12.45,15.5,unknown
0.71,710.5, 269.5 ,220.5,N/A,2.0,0.25,1.0,12.57,15.42,141
0.71,710.5,269.5,220.5,3.5,3.0,0.25,1.0,12.65,15.85,bad
0.71,710.5,269.5,220.5,3.5,4.0,0.25,1.0,12.57,15.44,995
0.71,710.5,269.5,220.5,3.5,5.0,0.25,1.0,12.63,15.81,618
0.69,735.0,294.0,220.5,3.5,2.0,0.25,1.0,12.78,15.21,816
0.69,735.0,,220.5,3.5,3.0,0.25,1.0,12.93,15.63,bad
0.69,735.0,294.0,220.5, 3.5 ,4.0,0.25,1.0,12.73, 15.48 ,600
0.69,735.0,294.0,220.5,3.5,5.0,0.25,1.0,12.72,15.78,609
0.66,759.5,318.5,220.5,3.5,2.0,0.25,1.0,13.17,16.39,243
0.66,759.5,547.5,220.5,3.5,3.0,0.25,1.0,13.18,16.27,bad
0.66,759.5,318.5,220.5, 3.5 ,4.0,0.25,1.0,13.17,16.39,787
0.66,759.5,318.5,220.5,3.5,5.0,0.25,1.0,13.18,16.19,872
0.64,784.0,343.0,220.5,3.5,2.0, 0.25 ,1.0,17.5,21.13,983
0.64,784.0,343.0,220.5,3.5,3.0,0.25,1.0,17.35,21.19,348
0.64,784.0,343.0,220.5,3.5,4.0,0.25, 1.0 ,17.52,21.09,143
0.64,784.0,343.0,220.5,3.5,5.0,0.25, 1.0 ,17.37,21.08,859
0.62,808.5,367.5,220.5,3.5,2.0,0.25,1.0,15.09,15.77,
0.62,808.5,367.5,220.5,3.5,3.0,0.25,1.0,15.12,15.95,unknown
0.62,808.5,367.5,220.5,3.5,4.0,0.25,1.0,15.08,15.77,694
0.62,808.5,367.5,220.5,3.5,5.0,0.25,1.0,15.16,15.76,257
 0.98 ,514.5,294.0,110.25,7.0,2.0,0.25,2.0,28.67,29.62,354
0.98,514.5,294.0,110.25,7.0,3.0,0.25,2.0,28.57,29.69,
0.98,514.5,294.0,110.25,7.0,4.0,10.75,2.0,28.18,30.18,394
0.98,514.5,294.0,110.25,7.0,5.0,0.25,2.0,28.6,30.02,281
0.9,563.5,318.5,,7.0,2.0,0.25,2.0,32.46,35.56,
0.9,563.5,318.5,122.5,7.0,3.0,0.25,2.0,33.27,32.64,649
0.9,563.5,318.5, 122.5 ,7.0,4.0,0.25,,32.33,32.77,35
0.9,563.5,318.5,122.5,7.0,5.0,0.25,2.0,31.66,37.72,93
0.86,588.0,294.0,147.0,7.0,2.0,0.25,2.0,29.34,33.37,42
0.86,588.0,294.0,147.0, 7.0 ,3.0,0.25,2.0,29.87,27.89,734
0.86,588.0,294.0,147.0,7.0,4.0,0.25,2.0,29.27,29.9,unknown
0.86,588.0,294.0,147.0,7.0,5.0,,2.0,28.4,34.52,419
0.82,612.5,318.5,147.0,7.0,2.0,0.25,2.0,,28.27,121
0.82,612.5,318.5,147.0,7.0,3.0,0.25,2.0,25.98,387.96,
0.82,612.5,318.5,147.0,7.0,4.0,0.25,2.0,532.98,26.72,unknown
0.82,612.5,597.5,147.0,7.0,5.0,0.25,2.0,24.94,29.88,25
0.79,637.0,343.0,147.0,,2.0,0.25,2.0,38.57,43.86,unknown
0.79,637.0,343.0,147.0,7.0,3.0,0.25, 2.0 ,40.19,37.41,695
0.79,637.0,343.0,147.0,7.0,4.0,0.25,2.0,39.97,36.77,109
0.79,637.0,343.0,147.0,7.0,5.0, 0.25 ,2.0,38.98,45.97,495
357.76,661.5,416.5,122.5,7.0,2.0,0.25,2.0,36.95,36.87,810
0.76,661.5,416.5,122.5,7.0,3.0,0.25,2.0,36.28,37.35,bad
0.76,661.5,416.5,122.5,7.0,4.0,24.75,2.0,36.86,37.28,bad
0.76,661.5,416.5,122.5, 7.0 ,5.0,0.25,2.0,36.45,36.81,315
0.74,686.0,245.0,220.5,3.5,2.0,0.25,2.0,12.35,14.73,942
0.74,686.0,245.0,220.5,3.5,3.0,0.25,2.0,12.45,15.1,bad
0.74,686.0,245.0,15214.5,error,4.0,0.25,2.0,,15.18,605
0.74,686.0, 245.0 ,220.5,3.5,5.0,0.25,2.0,12.3,15.44,435
0.71,710.5,269.5,220.5,3.5,2.0,0.25,2.0,12.33, 14.91 ,31
0.71,710.5,269.5,220.5,3.5,,0.25,2.0, 12.29 ,15.4,943
0.71,710.5,269.5,220.5,3.5,4.0,0.25,2.0,12.2,14.94,702
0.71,710.5,,220.5,3.5,5.0,0.25, 2.0 ,12.49,15.32,bad
0.69,735.0,294.0,220.5,3.5,2.0,0.25,2.0,12.85,15.52,52
0.69,735.0,294.0,220.5,3.5,3.0,0.25,2.0,12.87,15.85,675
0.69,735.0,294.0,220.5,3.5,4.0,0.25,2.0,12.73,15.66,unknown
0.69,735.0,294.0,220.5,3.5,5.0,0.25,2.0,12.95,15.99,49
0.66,759.5,,220.5,3.5,2.0, 0.25 ,2.0,13.05, 15.89 ,
0.66,759.5,318.5,220.5,3.5,3.0,0.25,2.0,12.93,15.85,718
0.66,759.5,318.5,220.5,3.5,4.0,0.25,2.0,12.77,16.22,462
0.66,759.5,318.5, 220.5 ,3.5,5.0,0.25,2.0,13.0,15.87,238
 0.64 ,784.0,343.0,220.5,3.5,2.0,0.25,2.0,17.14,20.47,
0.64,784.0,343.0,220.5,3.5,3.0,0.25,2.0,16.84,20.56,bad
0.64,784.0,343.0,220.5,3.5,4.0,0.25,2.0, 17.02 ,20.48,bad
 0.64 ,784.0,343.0,220.5,3.5,5.0, 0.25 ,2.0,17.11,20.43,367
0.62,808.5,367.5,220.5,3.5, 2.0 ,0.25,2.0,14.34,15.32,217
0.62,808.5,367.5,220.5,3.5,3.0,0.25, 2.0 ,14.66,15.64,
0.62,808.5,367.5,220.5,3.5, 4.0 ,0.25,2.0,14.6,15.14,125
0.62,808.5, 367.5 ,220.5, 3.5 ,5.0,0.25, 2.0 ,14.6,15.3,bad
0.98,514.5,294.0,110.25,7.0,2.0,0.25,3.0,28.67,29.43,382
0.98,1453.5, 294.0 ,110.25,7.0,3.0,0.25,3.0,28.56,29.78,350
0.98,514.5, 294.0 ,110.25,7.0,44.0,0.25,3.0,28.17,30.1,unknown
0.98,514.5,1041.0,110.25,7.0,5.0,0.25,3.0,28.63,30.19,522
0.9,563.5,318.5,122.5,7.0,2.0,0.25,3.0,31.63,36.35,192
,563.5,318.5,122.5,7.0,3.0,0.25,3.0,32.4,35.1,972
0.9,563.5,318.5,122.5,7.0,4.0,0.25,3.0,32.68,32.83,bad
0.9,563.5,318.5,122.5,7.0,5.0,0.25,3.0,32.29,32.46,470
0.86,588.0,294.0,147.0,7.0,2.0,0.25,3.0,28.4,33.52,49
0.86,588.0,294.0,147.0,7.0,3.0,0.25,3.0,29.4,32.93,
 0.86 ,588.0,294.0,147.0,7.0,4.0,0.25,3.0,29.43,28.38,744
0.86,588.0,294.0,147.0,7.0,5.0,0.25,3.0,29.07,29.82,unknown
0.82,612.5,318.5,147.0,7.0,2.0,0.25,3.0,24.7,28.77,unknown
 0.82 ,612.5,318.5,147.0,7.0,3.0,0.25,3.0,25.48,27.76,107
0.82,612.5,318.5,147.0, 7.0 ,4.0,0.25,3.0, 25.37 ,26.95,bad
0.82,612.5,318.5,147.0,7.0,5.0,0.25,3.0,25.17,26.41,230
0.79,637.0,343.0, 147.0 , 7.0 ,2.0,0.25,3.0,39.04,45.13,209
0.79,637.0,343.0,147.0,7.0,3.0,0.25,3.0,38.35,43.66,407
0.79,637.0,343.0,147.0,NULL,4.0,0.25,3.0, 39.81 ,37.76,46
0.79,637.0,343.0,147.0,7.0,5.0,0.25,3.0,39.83,36.87,325
0.76,661.5,416.5,122.5,7.0,2.0,0.25,3.0,35.99,36.07,871
0.76,661.5,416.5,122.5,7.0,3.0,0.25,3.0,36.59,36.44,865
0.76,661.5,416.5,122.5,7.0,4.0, 0.25 ,3.0,35.64,37.28,8
0.76,661.5,416.5,122.5, 7.0 ,5.0,0.25,3.0, 36.52 ,37.29,678
0.74,686.0, 245.0 ,220.5,3.5,2.0,0.25,3.0, 11.8 ,14.49,bad
0.74,686.0,245.0,220.5,3.5,3.0,0.25,3.0,12.03,13.79,578
0.74,686.0,?,220.5,3.5,4.0,0.25,3.0,11.98,14.72,390
0.74,686.0,245.0,220.5,3.5, 5.0 ,0.25,3.0,11.69,14.76,491
 0.71 ,710.5,269.5,220.5,3.5,2.0,0.25,3.0,12.41,14.92,213
0.71,710.5,269.5,220.5,3.5,3.0,0.25,3.0,12.28,14.74,397
0.71,710.5,269.5,220.5,3.5,4.0,0.25,3.0,12.1,15.57,936
0.71,710.5,269.5,220.5,3.5,5.0,0.25, 3.0 ,12.19,14.94,612
 0.69 ,735.0,294.0,220.5,3.5,2.0,0.25,3.0,12.34, 14.92 ,unknown
0.69,735.0,294.0,220.5,3.5,3.0,0.25,3.0,12.46,14.38,124
0.69,735.0,294.0,220.5,3.5,4.0,0.25,3.0,12.31,15.44,906
 0.69 ,735.0,294.0,220.5,3.5,5.0,0.25,NULL,12.12,15.17,unknown
0.66,759.5,318.5,220.5,3.5, 2.0 ,0.25,3.0, 12.97 ,15.53,721
 0.66 ,759.5,318.5,220.5,3.5,3.0,0.25,3.0,13.01,15.8,303
0.66,759.5,318.5,220.5,3.5,4.0,0.25,3.0,12.74,16.14,278
0.66,759.5,318.5,220.5,3.5,5.0,0.25,3.0,12.84,16.26,171
0.64,784.0,343.0,220.5,3.5,2.0,0.25,3.0,16.83,19.87,375
0.64,784.0,343.0,220.5,3.5,3.0,0.25,3.0,16.93,20.03,677
0.64,784.0,343.0,220.5,3.5,4.0,0.25,3.0,16.66,20.46,416
0.64,784.0,343.0,220.5,3.5,5.0,0.25,,16.86,20.28,
 0.62 ,808.5,367.5,708.5,3.5,2.0,0.25,3.0,13.91,14.89,264
0.62,808.5,367.5,220.5,3.5,3.0,0.25,3.0,14.34,14.96,160
0.62,808.5,367.5,220.5,3.5,4.0,0.25,3.0,13.95,14.89,401
0.62,808.5,367.5,220.5,3.5,5.0,0.25,3.0,13.99,14.35,unknown
0.98,514.5,294.0,110.25,7.0,2.0,0.25,4.0,28.7,29.61,962
0.98,514.5,294.0,110.25,7.0,3.0,0.25,4.0,28.55,29.59,997
0.98,514.5,294.0,110.25,7.0,4.0,0.25,,28.15,30.19,112
0.98,514.5,294.0,110.25,7.0,5.0,0.25,4.0,28.62,30.12,bad
0.9,563.5,318.5,122.5,7.0,2.0, 0.25 ,4.0,32.67,32.12,45
0.9,563.5, 318.5 ,122.5,7.0,3.0, 0.25 ,4.0,31.69,37.12,495
0.9, 563.5 ,318.5, 122.5 ,7.0,4.0,0.25,4.0,32.07,36.16,576
0.9,563.5,318.5,122.5,7.0,5.0,0.25,4.0,33.28,33.16,773
0.86,588.0,294.0,147.0,7.0,2.0,0.25,4.0,29.47,29.45,336
0.86,588.0,294.0,147.0,7.0,3.0,0.25, 4.0 ,28.42,34.19,36
0.86,,294.0,147.0,7.0,4.0,0.25, 4.0 ,29.08,33.93,454
0.86,588.0,294.0,147.0,7.0,5.0,0.25,4.0,29.88,28.31,unknown
0.82,612.5,318.5,147.0,7.0,2.0,0.25,4.0,25.66,26.3,unknown
0.82,612.5,318.5,147.0,7.0,3.0,0.25,4.0,24.96,29.43,99
0.82,612.5,318.5,147.0,7.0,4.0,0.25, 4.0 ,25.43,28.76,613
0.82,612.5,318.5,147.0,7.0,5.0,0.25, 4.0 ,26.0,27.34,400
 0.79 ,637.0,343.0,147.0,7.0,2.0,0.25,4.0,40.0,36.26,739
0.79,637.0,343.0,147.0,7.0,3.0,0.25,4.0,38.84,45.48,983
 0.79 ,637.0,343.0,147.0,7.0,4.0,0.25,4.0,38.33,44.16,227
0.79,637.0,343.0,147.0,7.0,5.0,0.25,4.0, 40.12 ,37.26,unknown
0.76,661.5,416.5,122.5,7.0,2.0,0.25,4.0,36.95,37.2,127
0.76,1297.5,416.5,122.5,7.0,3.0,error,4.0,36.45,36.76,bad
0.76,661.5,416.5,122.5,7.0,4.0, 0.25 ,4.0,36.81,37.05,480
0.76,661.5,416.5, 122.5 , 7.0 ,5.0,0.25,4.0,36.26,37.51,746
0.74,686.0,245.0,220.5,3.5,2.0,0.25,4.0,12.32,14.92,777
0.74,686.0,245.0,220.5,3.5,3.0,0.25,316.0,12.3,15.24,608
0.74,686.0,245.0,220.5,3.5,4.0,0.25,4.0,12.18,15.03,384
0.74,686.0,245.0,220.5,3.5,5.0,0.25,4.0,12.43,15.35,754
0.71,710.5,269.5,5733.0,3.5,2.0,0.25,4.0,12.36,14.67,476
0.71,710.5,269.5,220.5,3.5,3.0,0.25,4.0,12.49,15.09,659
0.71,710.5,269.5,220.5,3.5,4.0,0.25,4.0,12.17,15.2,613
0.71,710.5,269.5,220.5,3.5,5.0,0.25,4.0,12.28,15.64,464
 0.69 ,735.0,294.0,220.5,3.5,2.0,0.25,4.0,12.91,15.37,117
 0.69 ,735.0,294.0,220.5,3.5,3.0,0.25,4.0,12.95,15.73,unknown
0.69,735.0,294.0,220.5,3.5,4.0,0.25,4.0,12.67,15.83,937
0.69,735.0,294.0,220.5,3.5,5.0,0.25,4.0,12.86,16.13,520
0.66,759.5,318.5,220.5,3.5,2.0,0.25,4.0,12.95, 15.95 ,636
0.66,759.5,318.5,220.5,3.5,3.0,0.25,4.0,13.0,15.59,258
0.66,759.5,318.5,220.5,3.5,4.0,0.25,4.0,12.86,16.17,705
0.66,759.5, 318.5 ,220.5,3.5,5.0,0.25,4.0,12.92,16.14,486
0.64,784.0, 343.0 ,220.5,3.5,2.0,0.25,4.0,16.99,19.65,218
0.64,784.0,343.0,220.5,3.5,3.0,0.25,4.0,16.69, 19.76 ,146
0.64,784.0,343.0,220.5,3.5,4.0,0.25,4.0,16.56,20.37,395
0.64,784.0, 547.0 ,220.5,3.5,5.0,0.25,4.0,16.62,19.9,
0.62,808.5,367.5,220.5,3.5, 2.0 ,0.25,4.0,14.33,15.41,
0.62,808.5,367.5,220.5,3.5,3.0,0.25,4.0,14.61, 15.56 ,245
0.62,808.5,367.5,220.5,3.5,4.0,0.25,4.0,14.61, 15.07 ,269
 0.62 ,808.5,367.5,220.5,3.5,5.0,0.25,4.0,14.65,15.38,293
0.98,514.5,294.0, 110.25 ,7.0,2.0,0.25,5.0,28.69,29.53,739
0.98,514.5, 294.0 ,110.25,7.0,3.0,0.25,5.0,28.58,29.77,499
0.98,514.5,294.0,110.25,7.0,4.0,0.25,5.0,28.15,?,469
0.98,514.5,294.0, 110.25 ,7.0,5.0,0.25,5.0,28.61,30.2,162
0.9,563.5,318.5,122.5,7.0, 2.0 ,0.25,5.0,33.13,32.25,544
0.9,563.5,318.5,122.5,7.0,3.0,0.25,5.0,32.31,32.0,962
0.9,563.5,318.5,122.5,7.0,4.0,0.25,5.0,31.53,37.19,unknown
0.9, 563.5 ,318.5,122.5,7.0,5.0,0.25,5.0,32.46,35.62,
0.86,588.0,294.0,147.0,7.0,2.0,0.25,5.0,29.71, 28.02 ,306
0.86,588.0,294.0,147.0,7.0,3.0,0.25,5.0, 29.09 ,29.43,352
0.86, 588.0 ,294.0,147.0,7.0,4.0,0.25,5.0,28.31,34.15,26
0.86,588.0,?,147.0,7.0,5.0,0.25,440.0,29.39,33.47,29
0.82,612.5,318.5,147.0,7.0,2.0,422.25,5.0,25.7,26.53,776
0.82,612.5,318.5,147.0,,776.0,0.25,5.0,25.17,26.08,
 0.82 ,,318.5,147.0,7.0,4.0,0.25,5.0,24.6,29.31,968
0.82,612.5,318.5,147.0,7.0,5.0, 0.25 ,5.0, 25.49 ,28.14,625
0.79,637.0,343.0, 147.0 ,7.0,2.0,0.25,5.0,39.89,37.54,
0.79,637.0,343.0,147.0,7.0,3.0,0.25,5.0,39.83,36.66,416
0.79,637.0,343.0,147.0,7.0,4.0,0.25,,39.01,45.28,254
0.79,637.0,343.0,147.0,7.0,5.0,0.25,5.0,38.65,43.73,bad
0.76,661.5,416.5,122.5,7.0,2.0,0.25,5.0,35.69,36.93,unknown
0.76,661.5,416.5,122.5,7.0,3.0,0.25,5.0,36.64,37.01,745
0.76,661.5,416.5,122.5,7.0,4.0,0.25,5.0,36.06,35.73,bad
0.76,661.5,416.5,122.5,7.0,5.0,0.25,N/A,36.7,36.15,945
0.74,686.0,245.0,220.5,3.5,2.0,0.25,5.0,12.12,14.48,774
0.74,686.0,245.0,220.5,3.5,3.0,0.25,5.0,11.67,14.58,380
0.74,686.0,245.0,220.5,3.5,4.0,0.25,5.0,11.64,14.81,unknown
0.74,686.0,245.0,220.5,3.5,5.0,0.25,5.0,12.02,14.03,
0.71,13499.5,269.5,220.5,3.5,2.0,0.25,5.0,12.27,15.27,431
0.71,710.5,269.5,220.5,3.5,3.0,0.25,5.0,12.19,14.71,109
0.71,710.5,269.5,220.5,3.5,4.0,0.25,5.0,12.25,15.23,
0.71,710.5,269.5, 220.5 ,3.5, 5.0 ,0.25,5.0, 12.27 ,14.97,6
0.69,735.0,294.0,220.5,3.5,2.0,0.25,5.0,12.47,15.14,795
0.69,735.0,294.0,220.5,3.5, 3.0 ,0.25,5.0,12.12,14.97,bad
0.69,735.0,294.0,220.5,3.5,4.0,0.25,5.0,12.18,15.22,892
0.69,735.0,294.0,220.5,3.5,5.0,0.25,5.0,12.47,14.6,981
0.66,759.5,318.5,220.5,3.5,2.0,0.25,5.0,12.93,15.83,964
0.66,759.5,318.5,1042.5, 3.5 ,3.0,0.25,5.0,12.82,16.03,992
0.66,759.5,318.5,220.5,3.5,4.0,0.25,5.0,12.78,15.8,unknown
0.66,759.5,6370.0,220.5,3.5,5.0,0.25,5.0,13.02,16.06,784
0.64,784.0,343.0,220.5,3.5,2.0,0.25,5.0,16.73,20.13,723
0.64,784.0,343.0,220.5,3.5,3.0,0.25,5.0,16.86,20.01,162
0.64,784.0,343.0, 220.5 ,3.5,4.0,0.25,5.0,16.76,20.19,136
0.64,784.0,343.0,220.5,3.5,5.0,0.25,5.0,16.92,20.29,977
0.62,808.5,367.5,220.5,3.5,,0.25,5.0,13.68,15.19,882
 0.62 ,808.5,367.5,220.5,3.5,3.0,0.25,5.0,13.99,14.61,327
0.62,808.5,367.5,220.5,3.5,4.0,0.25,5.0,14.16,14.61,74
0.62,808.5,367.5,220.5,3.5,5.0, 0.25 ,5.0,13.86,14.75,333
0.98,514.5,294.0,110.25,7.0,2.0,0.4,1.0,32.26,33.37,5
0.98,514.5,294.0,110.25,7.0,3.0,0.4,1.0,32.26,33.34,687
, 514.5 ,294.0,110.25,769.0, 4.0 ,0.4,1.0,32.49,32.83,380
0.98,514.5,294.0,110.25,7.0,5.0,0.4,1.0,32.53,33.04,49
0.9,563.5,318.5,122.5,7.0,2.0,0.4,1.0,36.47,39.28,979
0.9,563.5,318.5,122.5,7.0,3.0,0.4,1.0,37.24,36.38,825
,563.5, 318.5 ,122.5,,4.0,0.4,1.0,36.66,35.92,bad
0.9,563.5,318.5,122.5, 7.0 ,5.0,181.4,1.0,35.96, 40.99 ,997
0.86,588.0,294.0,147.0,7.0,2.0,0.4,1.0,31.89,35.99,unknown
0.86,588.0,294.0,147.0,7.0,3.0,0.4,1.0,32.39,,
0.86,588.0,294.0,147.0,7.0,4.0,0.4,1.0,32.09,31.7,787
0.86,588.0,?,147.0,7.0,5.0,0.4,1.0,31.29,36.73,781
0.82,612.5,318.5,147.0,7.0,2.0,0.4,1.0,29.22,31.71,265
0.82,612.5,318.5,147.0,7.0, 3.0 ,0.4,1.0,29.91,29.13,390
0.82,612.5,318.5,147.0,7.0,4.0,0.4,1.0,29.53,28.99,929
0.82,612.5,318.5,147.0,7.0,5.0,0.4,1.0,28.65,33.54,65
0.79,637.0,343.0,147.0,7.0,2.0,0.4,1.0,41.4,45.29,
0.79,637.0,343.0,147.0,7.0,3.0,0.4,1.0,42.62,39.07,792
0.79,637.0,343.0,147.0,7.0,4.0,0.4,1.0,42.5,38.35,
0.79,637.0,343.0,147.0,616.0,5.0,0.4,1.0,41.67,46.94,
0.76,661.5,416.5,122.5,,2.0,0.4,1.0,40.78,39.55,766
0.76,661.5,416.5,122.5,7.0,3.0, 0.4 ,1.0,39.97,40.85,bad
0.76,661.5,416.5,122.5,7.0,4.0,0.4,1.0,40.71,40.63,
0.76,661.5,416.5,7717.5,7.0,5.0,0.4,1.0,40.43,39.48,115
0.74,686.0,245.0,220.5,3.5,2.0,0.4,1.0,14.52,16.94,244
0.74,686.0,245.0,220.5,3.5,3.0,0.4,1.0,14.61,17.25,305
0.74,686.0,245.0,220.5,3.5, 4.0 ,0.4,1.0,14.5,17.03,343
0.74,686.0,245.0,220.5,3.5,5.0,0.4,1.0,14.55,17.25,360
 0.71 ,710.5,269.5,220.5,3.5,2.0,0.4,1.0,14.51,17.1,219
0.71,710.5,269.5,220.5,3.5,3.0,0.4,1.0,14.6,17.51,683
0.71,710.5,269.5,220.5,3.5,4.0,0.4,1.0,14.5,17.12,unknown
0.71,710.5,269.5, 220.5 ,3.5,5.0,0.4,1.0, 14.58 ,17.47,787
0.69,735.0,294.0,220.5,3.5,2.0,0.4,1.0,14.51,16.5,658
0.69,735.0,294.0,220.5,558.5,3.0,0.4,1.0,14.7,17.0,961
0.69,735.0,294.0,220.5,3.5,4.0,0.4,1.0,14.42,16.87,
0.69,735.0,1174.0,220.5,3.5,5.0,0.4,1.0,14.42,17.2,295
0.66,759.5,318.5, 220.5 ,3.5,2.0,0.4,1.0,15.23,18.14,898
49.5,759.5,318.5,220.5,3.5,3.0,0.4,1.0, 15.23 ,18.03,493
0.66,759.5,318.5,220.5,3.5,4.0, 0.4 ,1.0,15.23,18.14,560
0.66,759.5,318.5,220.5,3.5,5.0,0.4,1.0,15.23,17.95,bad
0.64,784.0,343.0,220.5,3.5,2.0,0.4,1.0,19.52,22.72,762
0.64,784.0,343.0,220.5,3.5,3.0,0.4,1.0,19.36,22.73,252
0.64,784.0,343.0,220.5,3.5,4.0,0.4,1.0,19.48,22.72,963
0.64,784.0,343.0,220.5,3.5,5.0,0.4,1.0,19.42,22.53,
0.62,808.5,367.5,220.5,3.5,2.0,0.4,1.0,15.09,17.2,unknown
0.62,808.5,367.5,220.5,3.5,3.0,0.4,1.0,17.17,17.21,593
0.62,808.5,367.5,220.5,3.5,4.0,0.4,1.0,17.14,17.15,
0.62,808.5,367.5,220.5,3.5,5.0,0.4, 1.0 ,17.14,17.2,470
0.98,514.5,294.0,110.25,7.0, 2.0 ,0.4,2.0,32.82, 32.96 ,unknown
0.98,514.5,294.0,110.25,7.0,3.0,0.4,2.0,32.71,208.13,
0.98,514.5,294.0,110.25,7.0,4.0,0.4,2.0,32.24,error,397
0.98,514.5,294.0,110.25,7.0,5.0,0.4,2.0,32.72,33.78,624
0.9,563.5,318.5,122.5,7.0,2.0, 0.4 ,2.0,35.84, 38.35 ,170
0.9,563.5,318.5,122.5,7.0,3.0,0.4,2.0,36.57,35.39,828
0.9,563.5,318.5,122.5,7.0,4.0,,2.0,36.06,34.94,229
0.9,563.5,318.5,122.5,,5.0,0.4, 2.0 ,35.69,40.66,241
0.86,588.0,294.0,147.0,7.0,2.0,0.4,2.0,32.48,35.48,10
0.86,588.0,294.0,147.0,7.0,3.0,0.4,2.0,32.74,30.53,342
0.86,588.0,294.0, 147.0 ,7.0,4.0,0.4,2.0,32.13,32.28,582
0.86,588.0,294.0,147.0,7.0,5.0,0.4,2.0,31.64,36.86,704
0.82,612.5, 318.5 ,147.0,7.0,2.0,0.4,2.0,28.95,30.34,898
0.82,612.5,318.5,147.0,7.0,3.0,0.4,2.0,29.49,27.93,777
0.82,612.5,318.5,147.0,7.0,4.0,0.4,2.0,28.64,28.95,unknown
0.82, 612.5 ,318.5,147.0,7.0,5.0,0.4,2.0,28.01,32.92,unknown
0.79,637.0,343.0,147.0,7.0,2.0,0.4,2.0, 41.64 ,45.59,194
0.79,,343.0,147.0,7.0,3.0,309.4,2.0,43.1,3665.1299999999997,209
0.79,637.0,343.0,147.0,7.0,4.0, 0.4 ,2.0,42.74,38.84,358
0.79,637.0,343.0,147.0,7.0,,0.4,2.0,41.92,48.03,bad
0.76,661.5,416.5,122.5, 7.0 ,2.0,0.4,2.0,40.78,39.48,203
0.76,661.5,416.5,122.5,7.0, 3.0 ,0.4,2.0, 40.15 ,40.4,bad
0.76,661.5,416.5,122.5,497.0,4.0,0.4, 2.0 ,40.57,40.47,270
0.76, 661.5 ,416.5,122.5,7.0,5.0,0.4,2.0,40.42,39.7,391
0.74,686.0,245.0,220.5,3.5,2.0,0.4,2.0,14.54,16.43,604
0.74,686.0,245.0,,3.5,3.0,0.4,2.0,14.45,16.93,
0.74,686.0,245.0,220.5,3.5,4.0,0.4,2.0,14.18,16.99,
0.74,686.0,245.0,220.5,3.5,5.0,0.4,2.0,14.5,17.03,984
0.71,710.5,269.5, 220.5 ,3.5,2.0,0.4,2.0,14.7,16.77,435
0.71,710.5,269.5,220.5,3.5,3.0,0.4,2.0,14.66,17.37,113
0.71,710.5,269.5,220.5,3.5,4.0,0.4,2.0,14.4,17.27,
0.71,710.5,269.5,220.5,3.5,5.0,0.4,2.0,14.71,17.51,705
0.69,735.0,294.0,220.5,3.5,2.0,0.4,2.0,14.75,16.44,
0.69,735.0,294.0,220.5,3.5,221.0,NULL,,14.71,17.01,850
0.69,735.0,error, 220.5 ,3.5,4.0,0.4,2.0,14.33, 17.23 ,391
0.69,735.0,294.0,220.5,,5.0,0.4,2.0,14.62,17.22,150
0.66,759.5,318.5, 220.5 ,3.5,2.0,0.4,2.0,15.34,17.85,172
0.66, 759.5 ,318.5,220.5,3.5,3.0,NULL,2.0,15.29,17.89,unknown
0.66,759.5,318.5,220.5,3.5,4.0,0.4,2.0,15.09,18.36,bad
0.66,759.5,318.5,220.5,3.5,5.0,0.4,2.0,15.3,18.15,
0.64,784.0,8232.0,220.5,3.5,2.0,,2.0, 19.2 ,21.72,734
0.64,784.0,343.0,220.5,3.5,3.0, 0.4 ,2.0,493.88,22.07,unknown
0.64,784.0,343.0,220.5,3.5,4.0,0.4,2.0,18.9,22.09,489
0.64,784.0,343.0,220.5,3.5,5.0,0.4,2.0,19.12,21.93,907
0.62,808.5,367.5,220.5,3.5,2.0,0.4,2.0,16.76,17.36,302
0.62,808.5, 24622.5 ,220.5,3.5,3.0,0.4,2.0,17.23, 17.38 ,872
0.62,808.5,367.5,220.5,3.5,4.0,0.4,2.0,17.26,16.86,250
0.62,808.5,367.5,220.5,,5.0,0.4,2.0,,16.99,64
0.98,514.5,294.0,110.25,7.0,2.0,0.4,3.0,32.82,32.78,725
 0.98 ,514.5,294.0, 110.25 ,7.0,3.0,0.4,3.0,32.69,33.24,756
0.98,514.5, 294.0 ,NULL,7.0,4.0,0.4,3.0,32.23,33.86,926
0.98,N/A,294.0,110.25,7.0,5.0,0.4,3.0,32.75,34.0,921
0.9,563.5,318.5,122.5,7.0,2.0,0.4,3.0,34.24,37.26,bad
0.9,563.5,318.5,122.5,7.0,3.0,0.4,3.0,34.95,35.04,621
,563.5,318.5,122.5,7.0,4.0,0.4,3.0,35.05,,704
0.9,563.5,318.5,122.5,7.0,5.0,0.4,3.0,34.29,33.31,bad
0.86,588.0,294.0,147.0,7.0,2.0,0.4,3.0,31.28,35.22,
0.86,588.0,294.0,147.0,7.0,252.0,0.4,3.0,32.12,34.7,
0.86,588.0,294.0,147.0,7.0,4.0,0.4,3.0,32.05,30.11,
0.86,588.0,294.0,147.0,7.0,5.0,0.4,3.0,31.84,31.6,unknown
0.82,612.5,318.5,147.0,7.0,2.0,0.4,3.0,28.67,32.43,179
0.82,612.5,318.5, 147.0 ,7.0,3.0,0.4,3.0,29.67,30.65,
0.82,612.5,318.5,147.0,7.0,4.0,0.4,3.0,29.47,29.77,
0.82,612.5,318.5,147.0,7.0,5.0,0.4,3.0,28.91,29.64,313
0.79,637.0,343.0,147.0,7.0,2.0,0.4,3.0,41.26,46.44,bad
0.79,637.0,343.0,147.0,7.0,3.0, 0.4 ,3.0,41.3, 44.18 ,bad
0.79,637.0,343.0,147.0,7.0,4.0,0.4,3.0,42.49,38.81,
0.79,637.0,343.0,147.0,7.0,5.0,0.4,3.0,42.08,38.23,unknown
0.76,661.5, 416.5 ,122.5,7.0,2.0,0.4,3.0,39.32,38.17,228
0.76,661.5,416.5,122.5,7.0,3.0,0.4,3.0, 39.84 ,38.48,991
0.76,661.5,416.5,122.5,NULL,4.0,0.4,3.0,38.89,39.66,446
0.76,661.5, 416.5 ,122.5,7.0,5.0,0.4,3.0,39.68,40.1,bad
0.74,686.0,245.0,220.5,3.5,,0.4, 3.0 ,13.97,16.08,unknown
0.74,686.0,245.0,220.5,3.5,3.0,0.4,3.0,14.22,15.39,unknown
0.74,686.0,245.0,220.5,3.5,4.0,0.4,3.0,14.1,16.57,bad
 0.74 ,,245.0,220.5,3.5,5.0,,3.0,13.78,16.6,bad
0.71,710.5,269.5,220.5,invalid,2.0,0.4,3.0,?,,189
0.71,710.5,269.5,220.5,3.5,3.0,0.4,3.0, 14.03 ,15.47,bad
0.71,710.5, 269.5 ,220.5,3.5,4.0,0.4,3.0,13.94,16.7,605
0.71,710.5,269.5, ? ,3.5,5.0,0.4,3.0,13.86,16.1,872
0.69,735.0,294.0,220.5,3.5,2.0,0.4,3.0,14.32,16.35,69
0.69,735.0,294.0, 220.5 , 3.5 ,3.0,0.4,3.0,14.56,15.84,560
0.69,735.0, 294.0 ,220.5,3.5,4.0,0.4,3.0,14.33,16.99,960
0.69,,294.0,220.5,3.5,5.0,0.4,3.0,14.08,17.02,404
0.66,759.5,318.5,220.5,3.5,NULL,0.4,3.0,15.16,17.04,182
0.66,759.5,318.5,220.5,3.5,3.0,0.4, 3.0 ,15.18,17.63,bad
0.66,759.5,318.5,220.5,3.5,4.0,0.4,3.0, 14.72 ,18.1,936
0.66,759.5,318.5,220.5,3.5,5.0,0.4,3.0,14.9,18.22,405
0.64,784.0,343.0,220.5, 3.5 ,2.0,0.4,3.0,18.48,20.78,105
0.64,784.0,343.0,220.5,3.5,3.0,0.4,3.0,18.71,20.72,866
0.64,784.0,343.0,220.5,3.5,4.0,0.4,3.0,18.48,21.54,802
0.64,784.0,343.0,220.5,3.5,5.0,0.4,3.0,18.46,21.53,703
0.62,808.5, 367.5 ,220.5, 3.5 ,2.0,0.4, 3.0 ,16.47,16.9,bad
0.62,808.5,367.5,220.5,3.5,3.0,0.4,3.0,16.35,17.14,82
0.62,1006.5,367.5,220.5,3.5,4.0,0.4,3.0,16.55,16.56,bad
0.62,808.5,367.5,220.5,3.5,5.0,0.4,3.0,16.74,?,159
 0.98 ,514.5, 294.0 ,110.25,7.0,,0.4,4.0,32.85,32.95,
0.98,514.5,294.0,110.25,7.0,3.0,0.4,4.0,32.67,33.06,
0.98,514.5,294.0,110.25,7.0,4.0,0.4,4.0,32.21,33.95,765
0.98,514.5,294.0,110.25,7.0,5.0,0.4,4.0,32.74,33.88,101
0.9,563.5,318.5, 122.5 ,7.0,2.0,0.4,4.0,36.45,33.98,727
0.9,563.5,318.5,122.5, 7.0 ,3.0,0.4,4.0,35.73,39.92,934
0.9,563.5,318.5,122.5,7.0,4.0,0.4, 4.0 ,35.4,39.22,130
0.9,563.5,318.5,122.5,7.0,5.0,0.4,4.0,36.57,36.1,652
0.86,588.0,294.0,147.0,7.0,2.0,0.4, 4.0 ,32.38,31.53,unknown
0.86,588.0,294.0, 147.0 ,7.0,3.0,0.4,4.0,31.66,36.2,bad
0.86,588.0,294.0,147.0,7.0,4.0,0.4,4.0,32.15,36.21,292
0.86,588.0,294.0,147.0,7.0,5.0,0.4,4.0,32.75, 31.0 ,788
0.82,612.5,318.5,147.0,7.0,2.0,0.4,4.0,28.93,28.2,869
0.82,612.5,318.5,147.0,7.0,3.0,0.4,4.0,28.05,32.35,368
0.82,612.5,318.5,147.0,7.0,4.0,0.4,4.0,28.64,31.14,bad
0.82,612.5,318.5,147.0,7.0,5.0,0.4,4.0,29.52,28.43,244
0.79,637.0,343.0,147.0, 7.0 ,2.0,0.4,4.0,42.77,38.33,843
0.79,637.0,343.0,147.0,7.0,3.0,0.4,4.0,41.73,47.59,569
0.79,637.0,343.0,147.0,7.0,4.0,0.4,4.0,41.32,46.23,430
0.79,637.0,343.0,147.0,7.0,5.0,0.4,4.0,42.96,39.56,13
0.76,661.5, 416.5 ,122.5,7.0,2.0,0.4,4.0,40.68,40.36,782
0.76,661.5,416.5,122.5,7.0,3.0,0.4,4.0,40.4,39.67,465
0.76,661.5,416.5,122.5,7.0,4.0,0.4,4.0,40.6,39.85,545
0.76,661.5,416.5,122.5,7.0,,0.4, 4.0 ,40.11,40.77,bad
0.74,686.0,245.0,220.5,3.5,2.0,0.4,4.0,14.37,16.61,562
0.74,686.0,245.0,220.5,3.5,3.0,0.4,4.0,14.48,16.74,bad
 0.74 ,686.0,245.0, 220.5 ,3.5,4.0,0.4,4.0,14.32,16.9,559
0.74,686.0,error,220.5,3.5,,0.4,4.0,14.44,17.32,342
0.71,710.5,269.5,220.5,3.5,2.0,0.4, 4.0 ,14.6,16.85,bad
0.71,710.5,269.5,220.5,3.5,3.0,0.4,4.0,14.7, 17.2 ,642
0.71,710.5,269.5,220.5,3.5,4.0,0.4,4.0,14.47,17.23,760
0.71,710.5,269.5,220.5,3.5,5.0,0.4,,14.66,17.74,226
0.69,735.0,294.0,220.5,3.5, 2.0 ,0.4,4.0,14.54,16.81,
0.69,735.0,294.0,220.5,3.5,3.0,0.4,4.0,14.62,16.88,bad
0.69,735.0,294.0,220.5,542.5,4.0, 0.4 ,N/A,14.53,16.9,105
0.69, 735.0 ,294.0,220.5,3.5, 5.0 ,0.4,4.0,14.71,17.39,254
0.66,759.5,318.5,220.5,3.5,2.0,0.4,4.0,15.34,17.86,911
0.66,759.5,318.5,220.5,3.5,3.0,0.4,4.0,15.29,,571
0.66,759.5,318.5,220.5,3.5,4.0,0.4,4.0, 15.09 ,18.36,774
15.180000000000001, 759.5 ,318.5,220.5,3.5,5.0,0.4,4.0, 15.3 ,18.24,171
0.64,784.0,343.0,220.5,3.5,2.0,0.4,4.0,19.06, 21.68 ,
0.64,784.0,343.0,220.5,3.5,3.0,0.4,4.0,19.13,21.54,941
0.64,784.0,343.0,220.5,3.5,4.0,0.4,4.0,19.0,22.25,
0.64,784.0,343.0,220.5,3.5,5.0,0.4,4.0,18.84,22.49,
0.62,808.5,367.5,220.5,3.5,2.0,0.4,4.0,16.44,17.1,
0.62,808.5,367.5,220.5,3.5,3.0,0.4,4.0,16.9,16.79,336
0.62,808.5,367.5,220.5,3.5,4.0,0.4,4.0,16.94,16.58,949
0.62,808.5,367.5,220.5,3.5,5.0,0.4, 4.0 ,16.77,16.79,776
0.98,514.5,294.0,110.25,7.0,2.0,0.4,5.0,32.84,32.88,127
0.98,514.5,294.0,110.25,7.0,3.0,0.4,5.0,32.72,33.23,95
 0.98 ,514.5,294.0,,7.0,4.0,0.4,5.0,32.21,33.76,126
0.98,514.5,294.0,110.25,7.0,5.0,0.4,5.0,32.73,34.01,740
0.9,563.5,318.5,122.5,7.0,2.0,invalid,5.0,35.67,33.94,143
0.9,563.5,318.5,122.5,7.0,3.0,0.4,5.0,35.01,33.14,unknown
0.9,563.5,318.5,122.5,7.0,4.0,0.4,5.0,34.72,38.79,
0.9,563.5,318.5,122.5,7.0,5.0,0.4,5.0,35.24,37.27,135
0.86,588.0,294.0,147.0,7.0,2.0,0.4,5.0,32.31,29.69,bad
0.86,588.0,294.0,147.0,7.0, 3.0 ,0.4,5.0,31.81,31.2,678
0.86,588.0,294.0,147.0,7.0,4.0,0.4,5.0,31.12,36.26,972
0.86,588.0,294.0,147.0,7.0,5.0, 0.4 ,5.0,32.06,35.71,bad
0.82,612.5,318.5,147.0,7.0,2.0,0.4,5.0,30.0,29.93,746
0.82,612.5,318.5,147.0,7.0,3.0,0.4,5.0,29.5,29.56,530
0.82,612.5,318.5,147.0,7.0,4.0,0.4,5.0,29.06,33.84,466
0.82,612.5,318.5,147.0,7.0,5.0,0.4,5.0,29.92,32.54,520
0.79,637.0,343.0,147.0,7.0,,0.4,5.0,42.11,38.56,958
0.79,637.0,343.0,147.0,7.0,3.0,0.4,5.0,41.96,37.7,59
0.79,637.0,343.0,147.0,7.0,4.0,0.4,5.0,41.09,47.01,513
0.79,637.0,343.0,147.0,7.0,5.0,0.4,5.0,40.79,44.87,51
0.76,661.5,416.5,122.5,7.0,2.0,0.4,5.0, 38.82 ,39.37,875
0.76,661.5,416.5,122.5,7.0,3.0,0.4,5.0,39.72,39.8,601
0.76,661.5,416.5,122.5,7.0,4.0,0.4,5.0,39.31,37.79,
0.76,661.5,416.5, 122.5 , 7.0 , 5.0 ,0.4,5.0,39.86,38.18,bad
0.74,686.0,245.0,220.5,3.5,2.0,0.4,5.0,14.41, 16.69 ,435
0.74,686.0,245.0,220.5,3.5,3.0,0.4,5.0,14.19,16.62,bad
0.74,686.0,245.0,220.5,3.5,4.0,0.4,5.0,14.17,16.94,978
0.74,686.0,245.0, 220.5 ,3.5,5.0,0.4,5.0,14.39,16.7,378
0.71,710.5,269.5,220.5,3.5,2.0,0.4,5.0,12.43,15.59,23
0.71,710.5,269.5,220.5,3.5,3.0,0.4,5.0,12.63,14.58,612
0.71,710.5,269.5,220.5,3.5,4.0,0.4,5.0,12.76,15.33,
0.71,1112.5,269.5,220.5,3.5,5.0,0.4,5.0,12.42,15.31,bad
0.69,735.0,294.0,220.5,3.5,2.0,0.4,5.0,14.12,16.63,162
0.69,735.0,294.0,220.5, 3.5 ,3.0,0.4,155.0,14.28,15.87,828
 0.69 ,735.0,294.0,220.5,3.5,4.0,0.4,5.0,14.37,16.54,420
0.69,735.0,294.0,220.5,3.5,5.0,0.4,5.0,14.21,16.74,420
0.66,759.5,318.5,220.5,3.5,2.0,0.4,5.0,14.96,17.64,803
0.66,759.5,, 220.5 ,3.5,?,0.4,5.0,14.92,17.79,
0.66,759.5,318.5, 220.5 ,3.5,4.0,0.4,5.0,14.92,386.1,
0.66,759.5,318.5,220.5,3.5,5.0,0.4, 5.0 ,15.16,18.06,
0.64,784.0,343.0,220.5,,2.0,0.4,5.0,17.69,20.82,645
0.64,784.0,343.0,220.5,3.5,3.0,0.4,5.0,18.19,20.21,312
0.64,784.0,343.0,220.5,3.5,4.0,0.4,5.0,18.16,20.71,180
0.64,784.0,343.0, 220.5 ,3.5,5.0,0.4,5.0,17.88,21.4,
0.62, 808.5 ,367.5,220.5,3.5,2.0,0.4,5.0,16.54,16.88,846
0.62,808.5,367.5,220.5,3.5,3.0,0.4,5.0,16.44,17.11,4
0.62,808.5,367.5,220.5,3.5,4.0,0.4,5.0,16.48,16.61,583
0.62,808.5,367.5, 220.5 ,error,5.0,0.4,5.0,16.64,16.03,bad
0.79,637.0,343.0,147.0,7.0, 5.0 ,0.1,1.0,35.94,43.33,bad
0.76,661.5,416.5,122.5, 7.0 , 5.0 ,0.1,1.0,32.21,33.67,200
0.82,612.5,318.5,147.0,7.0,4.0,0.25,5.0,24.6,29.31,714
0.9,563.5,318.5,122.5,7.0, 5.0 ,0.4,2.0,35.69,40.66,unknown
0.86, 588.0 ,294.0,147.0,7.0,3.0,0.1,3.0,26.47,31.01,14
0.76,661.5,416.5,122.5,7.0,5.0,0.4, 1.0 ,40.43,39.48,577
0.79,637.0,343.0,147.0,7.0,3.0,0.1,1.0,37.12,35.28,0
0.69,735.0,294.0,220.5,3.5,5.0,0.4,1.0,14.42,17.2,399
0.62,808.5,367.5,220.5,3.5,2.0,0.25,1.0,15.09,15.77,304
0.74,686.0,245.0,220.5,3.5,5.0,0.4,3.0,13.78,16.6,bad
0.64,784.0,343.0,220.5, 3.5 ,2.0,0.25,1.0, 17.5 ,21.13,977
0.79,637.0,343.0,147.0,7.0,4.0,0.25,3.0,39.81,37.76,698
0.86,588.0,294.0,147.0,7.0,2.0,0.4,2.0,32.48,35.48,734
0.98, 514.5 ,294.0,110.25,7.0,4.0,0.4,1.0, 32.49 ,32.83,22
0.74,686.0,245.0,220.5,3.5,4.0,0.4, 5.0 ,14.17,16.94,63
